{
"general": 
{
	"loot_type":"auto",
	"anti_trap":"weapon",
	"walk_type":"mouse"
},
"script_options": {
	"hours_leave": [9.5]
},
"containers": 
{
	"loot_bp":"Orange Backpack"
},
"tools":
{
	"rope": {"name":"rope"},
	"shovel": {"name":"shovel"}
},
"items":
{
	"mana potion": {"hotkey":"f1", "use":"self"},
	"meat": {"hotkey":"f12", "use":"use"},
	"honeycomb": {"hotkey":"f3", "use":"use"}
},
"spells":
{
	"exura infir ico":"r"
},
"healing":
[
	{"type":"hp", "below_percent":90, "use_spell":"exura infir ico", "min_mana_percent":20, "priority":2},
	{"type":"mp", "below_percent":20, "use_item":"mana potion", "priority":1}
],
"hunt_config": {
	"cap_leave": 80,
	"mana_name": "mana potion",
	"take_mana": 5,
	"mana_leave": 1
},
"label_actions": 
[
	{"label":"count", "action":"conditional_jump_item_count_below", "args": {"item_name":"honeycomb", "amount":50, "label_jump":"continue", "label_skip":"leave"}}
],
"persistent_actions": [
	{"action":"eat_food", "min_interval":60, "max_interval":160, "args":{"hotkey":"f12"}}
],
"target_monsters": 
[
	{"name":"Wasp", "action":"follow", "loot":true},
	{"name":"Wolf", "action":"follow", "loot":true},
	{"name":"Starving Wolf", "action":"follow", "loot":true},
	{"name":"Poacher", "action":"follow", "loot":false}
],
"target_spells": [],
"loot": 
[
	{"name":"honeycomb", "action":"loot", "dest":"loot_bp"},
	{"name":"honeycombs", "action":"loot", "dest":"loot_bp"},
	{"name":"meat", "action":"use"}
]
}
